id,name,description,price
1,Better Sweater 1/4-Zip - W,jackets,99.1
2,Better Sweater Jacket - W,jackets,139.2
3,Re-Tool Snap-T Pullover - W,jackets,119
4,Torrentshell 3L Jacket - W,jackets,149
5,Nano Puff Jacket - W,jackets,199
6,Lightweight Synchilla Snap-T Pullover - W,jackets,119
7,Nano Puff Hoody - W,jackets,249
8,Down Sweater - W,jackets,229
9,Nano Puff Vest - W,jackets,149
10,Micro D Snap-T Pullover - W,jackets,89
11,Radalie Jacket - W,jackets,159
12,Houdini Jacket - W,jackets,99
13,Rainshadow Jacket - W,jackets,199
14,Los Gatos Vest - W,jackets,99
15,Lightweight Radalie Bomber Jacket - W,jackets,149
16,Micro D Jacket - W,jackets,89
17,Down Sweater Hoody - W,jackets,279
18,Los Gatos Jacket - W,jackets,129
19,Better Sweater Vest - W,jackets,99
20,Micro Puff Jacket - W,jackets,249
21,Down Sweater Vest - W,jackets,179
22,Tres 3-in-1 Parka - W,jackets,599
23,Radalie Parka - W,jackets,199
24,Insulated Prairie Dawn Parka - W,jackets,279
25,Torrentshell 3-Layer City Coat - W,jackets,229
26,R1 TechFace Hoody - W,jackets,179
27,Lightweight Better Sweater Shelled Jacket - W,jackets,179
28,Lightweight Better Sweater Jacket - W,jackets,149
29,Pack In Jacket - W,jackets,179
30,Micro Puff Hoody - W,jackets,299
31,Lightweight Better Sweater Marsupial Pullover - W,jackets,119
32,Classic Synchilla Vest - W,jackets,79
33,R2 TechFace Hoody - W,jackets,189
34,Triolet Jacket - W,jackets,399
35,Down With It Parka - W,jackets,299
36,R2 TechFace Jacket - W,jackets,169
37,Calcite Jacket - W,jackets,249
38,Nano Puff Parka - W,jackets,279
39,Woolyester Fleece Pullover - W,jackets,139
40,Better Sweater Hoody - W,jackets,159
41,Mountain View Jacket - W,jackets,169
42,Woolie Fleece Pullover - W,jackets,159
43,Better Sweater Coat - W,jackets,179
44,Skyforest Parka - W,jackets,179
45,Nano-Air Vest - W,jackets,199
46,Houdini Air Jacket - W,jackets,169
47,R1 TechFace Jacket - W,jackets,159
48,Yosemite Falls Trench - W,jackets,279
49,Silent Down Jacket - W,jackets,249
50,Micro Puff Vest - W,jackets,199
51,R2 Jacket - W,jackets,169
52,Nano-Air Hoody - W,jackets,299
53,R1 Full-Zip Hoody - W,jackets,169
54,Seabrook Jacket - W,jackets,99
55,Airshed Pro Pullover - W,jackets,129
56,Crosstrek Jacket - W,jackets,149
57,Woolyester Fleece Jacket - W,jackets,159
58,Down With It Jacket - W,jackets,199
59,Fiona Parka - W,jackets,299
60,Lightweight Better Sweater Hoody - W,jackets,159
61,Divided Sky Jacket - W,jackets,159
62,Frozen Range Jacket - W,jackets,599
63,Jackson Glacier Parka - W,jackets,399
64,Jackson Glacier Jacket - W,jackets,349
65,Nano-Air Jacket - W,jackets,249
66,Bajadas Hoody - W,jackets,129
67,Dirt Roamer Jacket - W,jackets,229
68,All Seasons Hemp Canvas Chore Coat - W,jackets,129
69,Iron Forge Hemp Canvas Barn Coat - W,jackets,199
70,Light Storm Jacket - W,jackets,249
71,Macro Puff Hoody - W,jackets,399
72,Quandary Jacket - W,jackets,199
73,Storm Racer Jacket - W,jackets,249
74,Arctic Willow Jacket - W,jackets,299
75,Raven Rocks Hoody - W,jackets,229
76,Tough Puff Hoody - W,jackets,249
77,Silent Down Parka - W,jackets,349
78,Stretch Nano Storm Jacket - W,jackets,399
79,River Salt Jacket - W,jackets,349
80,Stand Up™ Jacket - W,jackets,129
81,Macro Puff Jacket - W,jackets,349
82,Double Sided Fleece Pullover - W,jackets,129
83,Galvanized Jacket - W,jackets,349
84,Arctic Willow Parka - W,jackets,399
85,Triple Texture Jacket - W,jackets,179
86,Ascensionist Jacket - W,jackets,499
87,Organic Cotton Quilt Snap-T Pullover - W,fleece,149
88,Micro D 1/4-Zip - W,fleece,59
89,R1 Pullover - W,fleece,129
90,Crosstrek 1/4-Zip - W,fleece,119
91,R1 Crew - W,fleece,99
92,Organic Cotton Quilt Crew - W,sweatshirts,99
93,Pastel P-6 Label Ahnya Crew Sweatshirt - W,sweatshirts,55
94,Pastel P-6 Label Ahnya Full-Zip Hoody - W,sweatshirts,89
95,Free Hand Fitz Roy Ahnya Hoody - W,sweatshirts,69
96,Organic Cotton French Terry Hoody - W,sweatshirts,89
97,Organic Cotton Quilt Hoody - W,sweatshirts,169
98,Organic Cotton French Terry Top - W,sweatshirts,49
99,Quiet Ride Hoody - W,sweatshirts,99
100,Pastel P-6 Logo Uprisal Hoody - W,sweatshirts,79
101,Seabrook Pullover Hoody - W,sweatshirts,89
102,Fitz Roy Bison Ahnya Crew Sweatshirt - W,sweatshirts,55
103,Quiet Ride Jacket - W,sweatshirts,119
104,Coastal Hideaway Suncover Hoody - W,sweatshirts,79
105,Fitz Roy Bear Uprisal Hoody - W,sweatshirts,79
106,Long-Sleeved Organic Cotton Spring Sweater - W,sweaters,119
107,Organic Cotton Spring Sweater Tank - W,sweaters,79
108,Recycled Cashmere Crew - W,sweaters,199
109,Capilene Cool Daily Hoody - W,shirts,55
110,Capilene Cool Trail Tank - W,shirts,35
111,Capilene Cool Trail Shirt - W,shirts,39
112,Long-Sleeved Capilene Cool Daily Shirt - W,shirts,45
113,Mainstay Tee - W,shirts,39
114,Long-Sleeved Capilene Cool Daily Graphic Shirt - W,shirts,55
115,Capilene Cool Daily Shirt - W,shirts,35
116,Tropic Comfort Hoody - W,shirts,69
117,Capilene Cool Daily Graphic Shirt - W,shirts,45
118,Lightweight A/C Shirt - W,shirts,69
119,Sunshade Hoody - W,shirts,79
120,Capilene Cool Lightweight Shirt - W,shirts,45
121,Cotton in Conversion Top - W,shirts,39
122,Work Pocket Tee - W,shirts,39
123,Capilene Cool Lightweight Tank - W,shirts,39
124,Long-Sleeved Capilene Cool Trail Shirt - W,shirts,49
125,Capilene Cool Trail Bike Henley - W,shirts,55
126,Long-Sleeved Capilene Cool Lightweight Shirt - W,shirts,55
127,Tropic Comfort Crew - W,shirts,59
128,Trail Harbor Tee - W,shirts,55
129,Mainstay Tank - W,shirts,35
130,Mount Airy Scoop Tank - W,shirts,29
131,Long-Sleeved Sol Patrol Shirt - W,shirts,89
132,Lightweight Pataloha Shirt - W,shirts,99
133,Trail Harbor Tank - W,shirts,45
134,Long-Sleeved Fjord Flannel Shirt - W,shirts,89
135,Hooded Waffle Tunic - W,shirts,89
136,Mainstay 3/4 Sleeved Top - W,shirts,49
137,Alpine Valley Tank - W,shirts,45
138,Long-Sleeved Western Snap Shirt - W,shirts,79
139,Glorya Twist Tank - W,shirts,45
140,Long-Sleeved RØ Top - W,shirts,49
141,Seabrook Run Tank - W,shirts,49
142,Mount Airy Scoop Tee - W,shirts,35
143,Lightweight A/C Buttondown - W,shirts,89
144,Cross Beta Tank - W,shirts,59
145,Ridge Flow Shirt - W,shirts,55
146,Glorya Twist Top - W,shirts,55
147,Ridge Flow Tank - W,shirts,45
148,Seabrook Zip-Neck - W,shirts,85
149,Long-Sleeved Sun Stretch Shirt - W,shirts,99
150,Micro Swell Rashguard - W,shirts,99
151,Short-Sleeved Merino Bike Jersey - W,shirts,89
152,Farrier's Shirt - W,shirts,89
153,RØ Top - W,shirts,45
154,Capilene Midweight Bike Jersey - W,shirts,79
155,Capilene Cool Daily Tank - W,t-shirt,29
156,Pastel P-6 Logo Organic Crew T-Shirt - W,t-shirt,35
157,Fitz Roy Bison Organic Crew T-Shirt - W,t-shirt,35
158,Fiber Activist Organic Crew T-Shirt - W,t-shirt,35
159,Long-Sleeved Paper Peaks Responsibili-Tee - W,t-shirt,45
160,Live Simply Lounger Organic Crew T-Shirt - W,t-shirt,35
161,Road to Regenerative Ringer Tee - W,t-shirt,39
162,Pastel P-6 Logo Organic High Neck Tank - W,t-shirt,35
163,Long-Sleeved Pastel P-6 Logo Responsibili-Tee - W,t-shirt,45
164,Free Hand Fitz Roy Organic Crew T-Shirt - W,t-shirt,35
165,Fitz Roy Bear Organic Scoop T-Shirt - W,t-shirt,35
166,Root Revolution Organic Muscle Tee - W,t-shirt,35
167,Paddle Pack Organic Crew T-Shirt - W,t-shirt,35
168,Live Simply Hive Organic Scoop T-Shirt - W,t-shirt,35
169,Live Simply Cultivate Organic Muscle Tee - W,t-shirt,35
170,Sunset Sets Organic Scoop T-Shirt - W,t-shirt,35
171,Flying Fish Organic Pocket T-Shirt - W,t-shirt,39
172,Organic Cotton French Terry Pants - W,pants,69
173,Happy Hike Studio Pants - W,pants,79
174,Kamala Cropped Pants - W,pants,69
175,All Seasons Hemp Canvas Bib Overalls - W,pants,99
176,Island Hemp Beach Pants - W,pants,79
177,Garden Island Pants - W,pants,99
178,Centered Crops - W,pants,69
179,Shop Coveralls - W,pants,149
180,Centered Tights - W,pants,79
181,Lightweight Pack Out Tights - W,pants,99
182,Lightweight Pack Out Crops - W,pants,89
183,Stand Up Cropped Pants 26 - W,pants,79
184,All Seasons Hemp Canvas Double Knee Pants - W,pants,69
185,Hampi Rock Pants - W,pants,79
186,Ahnya Pants - W,pants,79
187,Quandary Pants - W,pants,79
188,Caliza Rock Pants - W,pants,89
189,Pack Out Tights  - W,pants,89
190,Snap-T™ Pants - W,pants,89
191,Endless Run Tights - W,pants,99
192,Strider Pro Pants - W,pants,129
193,Skyline Traveler Pants - W,pants,89
194,Endless Run Capris - W,pants,79
195,Iron Forge Hemp Canvas Double Knee Pants - W,pants,79
196,Quandary Convertible Pants - W,pants,89
197,Stem Gem Rock Crops - W,pants,79
198,Chambeau Rock Pants - W,pants,99
199,Rainshadow Pants - W,pants,169
200,Escala Rock Pants - W,pants,99
201,Torrentshell 3L Pants - W,pants,119
202,Simul Alpine Pants - W,pants,139
203,Serenity Pants - W,pants,79
204,Tech Joggers - W,pants,89
205,Crestview Pants - W,pants,129
206,Calcite Pants - W,pants,219
207,Stand Up Shorts - 3 - W,shorts,59
208,Cord Stand Up Shorts - 3 - W,shorts,69
209,Barely Baggies™ Shorts - 2½ - W,shorts,55
210,Baggies™ Shorts - 5 - W,shorts,55
211,Nine Trails Shorts - 6 - W,shorts,69
212,Nine Trails Shorts - 4 - W,shorts,65
213,Strider Shorts - 3½ - W,shorts,49
214,Fleetwith Skort - W,shorts,59
215,Island Hemp Baggies™ Shorts - W,shorts,45
216,Happy Hike Shorts - 6 - W,shorts,59
217,Quandary Shorts - 5 - W,shorts,59
218,Wavefarer Boardshorts - 5 - W,shorts,59
219,Stretch Planing Micro Shorts - 2 - W,shorts,49
220,Happy Hike Shorts - 4 - W,shorts,59
221,Quandary Shorts - 7 - W,shorts,59
222,Stretch All-Wear Shorts - 4 - W,shorts,55
223,Garden Island Shorts - W,shorts,65
224,Strider Pro Shorts - 3 - W,shorts,59
225,Stretch Hydropeak Boardshorts - 8 - W,shorts,79
226,Nether Bike Liner Shorts - W,shorts,59
227,Dirt Craft Bike Shorts - 12 - W,shorts,159
228,Endless Run Shorts - 4 1/2 - W,shorts,59
229,All Seasons Hemp Canvas Shorts - 8 - W,shorts,59
230,Stretch Hydropeak Surf Shorts - W,shorts,89
231,Skyline Traveler Shorts - W,shorts,65
232,Tyrolean Bike Shorts - 9½ - W,shorts,79
233,Dirt Roamer Bike Shorts - 11 - W,shorts,99
234,Endless Ride Liner Shorts - W,shorts,79
235,Dirt Roamer Liner Bibs - W,shorts,179
236,Fleetwith Romper - W,dresses,119
237,Fleetwith Dress - W,dresses,75
238,Amber Dawn Dress - W,dresses,59
239,Magnolia Spring Dress - W,dresses,75
240,Porch Song Dress - W,dresses,79
241,Tech Skort - W,dresses,75
242,June Lake Jumpsuit - W,dresses,139
243,June Lake Dress - W,dresses,119
244,Pataloha Strappy Dress - W,dresses,129
245,Garden Island Dress - W,dresses,129
246,Sundown Sally Dress - W,dresses,75
247,Seabrook Bandha Dress - W,dresses,79
248,Seabrook Skirt - W,dresses,69
249,Pataloha Dress - W,dresses,129
250,Kamala Midi Skirt - W,dresses,99
251,Lightweight A/C Skirt - W,dresses,79
252,Seabrook Twist Dress - W,dresses,75
253,Lost Wildflower Dress - W,dresses,149
254,Alpine Valley Skirt - W,dresses,55
255,Alpine Valley Dress - W,dresses,75
256,Limited Edition Pataloha Dress - W,dresses,129
257,Stand Up Overalls - 5 - W,jumpsuits,99
258,Nanogrip Nireta Top - W,swimwear,75
259,Nanogrip Top - W,swimwear,75
260,Nanogrip Bottoms - W,swimwear,75
261,Nanogrip Nireta Bottoms - W,swimwear,69
262,Nanogrip Sunset Swell One-Piece Swimsuit - W,swimwear,159
263,Swell Seeker Cropped Rashguard - W,swimwear,89
264,Focal Point Top - W,swimwear,69
265,Bottom Turn Top - W,swimwear,65
266,Glassy Dawn Tankini - W,swimwear,89
267,Sunamee Bottoms - W,swimwear,55
268,Shell Seeker Bottoms - W,swimwear,59
269,Reversible Extended Break One-Piece Swimsuit - W,swimwear,149
270,Reversible Seaglass Bay Top - W,swimwear,69
271,Cliff Cruiser Top - W,swimwear,75
272,Reversible Seaglass Bay Bottoms - W,swimwear,65
273,Reversible Seaside Cove Bottoms - W,swimwear,65
274,Glassy Dawn One-Piece Swimsuit - W,swimwear,129
275,Long-Sleeved Swell Seeker One-Piece Swimsuit - W,swimwear,179
276,Nanogrip Cutback Top - W,swimwear,79
277,Nanogrip Sunset Swell Top - W,swimwear,79
278,Nanogrip Cutback Bottoms - W,swimwear,75
279,R1 Yulex Front-Zip Full Suit - W,wetsuits,429
280,R1 Yulex Back-Zip Full Suit - W,wetsuits,429
281,R2 Yulex Front-Zip Full Suit - W,wetsuits,459
282,R3 Yulex Front-Zip Full Suit - W,wetsuits,489
283,R3 Yulex Back-Zip Full Suit - W,wetsuits,489
284,R4 Yulex Front-Zip Hooded Full Suit - W,wetsuits,549
285,R1 Lite Yulex Long-Sleeved Top - W,wetsuits,129
286,R1 Lite Yulex Long Jane - W,wetsuits,169
287,R1 Lite Yulex Long-Sleeved Spring Jane - W,wetsuits,169
288,R1 Lite Yulex Front-Zip Long-Sleeved Spring Suit - W,wetsuits,249
289,R1 Lite Yulex Vest - W,wetsuits,99
290,R1 Lite Yulex Spring Jane - W,wetsuits,129
291,R1 Lite Yulex Spring Juanita - W,wetsuits,149
292,R1 Lite Yulex Shorts - W,wetsuits,69
293,Spring River Waders - Regular - W,waders,399
294,Capilene Air Crew - W,baselayers,129
295,Capilene Air Bottoms - W,baselayers,129
296,Capilene Air Hoody - W,baselayers,149
297,Capilene Thermal Weight Crew - W,baselayers,89
298,Capilene Thermal Weight Zip-Neck - W,baselayers,99
299,Capilene Thermal Weight Bottoms - W,baselayers,89
300,Capilene Midweight Crew - W,baselayers,59
301,Capilene Midweight Bottoms - W,baselayers,59
302,Capilene Midweight Zip-Neck - W,baselayers,69
303,Cross Beta Sports Bra - W,bras,45
304,Switchback Sports Bra - W,bras,49
305,Wild Trails Sports Bra - W,bras,65
306,Barely Bra - W,bras,49
307,Barely Everyday Bra - W,bras,49
308,Active Mesh Bra - W,bras,45
309,Barely Bikini - W,bras,22
310,Barely Hipster - W,bras,22
311,Active Briefs - W,bras,24
312,Active Hipster - W,bras,24
313,Barely Thong - W,bras,22
314,Sender Hipster - W,bras,18
315,Sender Briefs - W,bras,18
316,Pastel P-6 Label Layback Trucker Hat - W,accessories,35
317,Stand Up Sun Hat - W,accessories,55
318,Fitz Roy Bear Layback Trucker Hat - W,accessories,35
319,Hike Hat - W,accessories,45
320,Free Hand Fitz Roy Interstate Hat - W,accessories,35
321,Fitz Roy Bison Layback Trucker Hat - W,accessories,35
322,Re-Tool Headband - W,accessories,25
323,Charlene Gloves - M,accessories,105
324,Women’s Fall Line Mitt - M,accessories,155
325,CZone Powder Female Gloves – Mitt - M,accessories,110
326,Deerskin PrimaLoft Gloves - M,accessories,110
327,Torrentshell 3L Jacket - M,jackets,149
328,Better Sweater 1/4 Zip - M,jackets,99
329,Nano Puff Vest - M,jackets,149
330,Down Sweater - M,jackets,229
331,Better Sweater Jacket - M,jackets,139
332,Better Sweater Vest - M,jackets,99
333,Rainshadow Jacket - M,jackets,199
334,Synchilla Snap-T Pullover - M,jackets,139
335,Nano Puff Jacket - M,jackets,199
336,Houdini Jacket - M,jackets,99
337,Lightweight Synchilla Snap-T Pullover - M,jackets,119
338,Nano Puff Hoody - M,jackets,249
339,Micro Puff Hoody - M,jackets,299
340,Micro Puff Jacket - M,jackets,249
341,Classic Synchilla Vest - M,jackets,79
342,Down Sweater Vest - M,jackets,179
343,Calcite Jacket - M,jackets,249
344,Classic Retro-X Jacket - M,jackets,199
345,R1 TechFace Hoody - M,jackets,179
346,Diamond Quilted Bomber Hoody - M,jackets,169
347,Baggies™ Jacket - M,jackets,119
348,Classic Synchilla Jacket - M,jackets,99
349,Torrentshell 3L Pullover - M,jackets,129
350,Micro D Snap-T Pullover - M,jackets,89
351,Lightweight Better Sweater Jacket - M,jackets,149
352,R1 Pullover - M,jackets,129
353,R1 TechFace Jacket - M,jackets,159
354,Airshed Pro Pullover - M,jackets,129
355,R1 Full-Zip Hoody - M,jackets,169
356,Down Sweater Hoody - M,jackets,279
357,Micro D Jacket - M,jackets,89
358,Insulated Fjord Flannel Jacket - M,jackets,169
359,Woolyester Fleece Pullover - M,jackets,139
360,R2 TechFace Hoody - M,jackets,189
361,Houdini Air Jacket - M,jackets,169
362,Iron Forge Hemp Canvas Ranch Jacket - M,jackets,179
363,R1 TechFace Pullover - M,jackets,129
364,All Seasons Hemp Canvas Vest - M,jackets,129
365,Micro Puff Vest - M,jackets,199
366,Silent Down Jacket - M,jackets,279
367,R1 Pullover Hoody - M,jackets,159
368,Nano-Air Jacket - M,jackets,249
369,R2 TechFace Jacket - M,jackets,169
370,Classic Retro-X Vest - M,jackets,149
371,Quandary Jacket - M,jackets,199
372,Woolyester Fleece Jacket - M,jackets,159
373,Stretch Nano Storm Jacket - M,jackets,399
374,Nano-Air Vest - M,jackets,199
375,Tin Shed Jacket - M,jackets,149
376,Lightweight Better Sweater Hoody - M,jackets,159
377,Nano-Air Hoody - M,jackets,299
378,Dirt Roamer Jacket - M,jackets,229
379,Houdini Snap-T Pullover - M,jackets,99
380,Silent Down Shirt Jacket - M,jackets,229
381,Better Sweater Shirt Jacket - M,jackets,159
382,Triolet Jacket - M,jackets,399
383,Lightweight Better Sweater Shelled Jacket - M,jackets,179
384,Isthmus Parka - M,jackets,249
385,Iron Forge Hemp Canvas Chore Coat - M,jackets,149
386,Mojave Trails Windbreaker - M,jackets,129
387,City Storm Rain Parka - M,jackets,499
388,Hi-Loft Down Hoody - M,jackets,279
389,Storm Racer Jacket - M,jackets,249
390,River Salt Jacket - M,jackets,349
391,Burly Man Hooded Jacket - M,jackets,199
392,Better Sweater Rib Knit 1/4-Zip - M,jackets,119
393,R2 Jacket - M,jackets,169
394,Burly Man Vest - M,jackets,149
395,Woolie Chore Coat - M,jackets,199
396,Galvanized Jacket - M,jackets,349
397,Pluma Jacket - M,jackets,549
398,Light Storm Jacket - M,jackets,249
399,Mojave Trails Coaches Jacket - M,jackets,139
400,Tres 3-in-1 Parka - M,jackets,599
401,Pack In Jacket - M,jackets,179
402,Stretch Terre Planing Hoody - M,jackets,119
403,Lightweight All-Wear Hemp Coaches Jacket - M,jackets,129
404,SST Jacket - M,jackets,399
405,Snap-Dry Hoody - M,jackets,169
406,Mojave Trails Jacket - M,jackets,159
407,Steel Forge Windbreaker Jacket - M,jackets,139
408,Recycled High Pile Fleece Down Jacket - M,jackets,279
409,Woolie Fleece Pullover - M,jackets,159
410,Iron Forge Hemp Canvas Barn Coat - M,jackets,199
411,Macro Puff Hoody - M,jackets,399
412,Tough Puff Hoody - M,jackets,249
413,Retro-X Bomber Jacket - M,jackets,149
414,Stretch Thermal Hoody - M,jackets,199
415,Organic Cotton Canvas Jacket - M,jackets,169
416,Double Sided Fleece Pullover - M,jackets,129
417,Snap Front Retro-X Jacket - M,jackets,169
418,Insulated Quandary Jacket - M,jackets,299
419,Maple Grove Canvas Jacket - M,jackets,199
420,City Storm Parka - M,jackets,499
421,Ascensionist Jacket - M,jackets,499
422,Frozen Range Parka - M,jackets,699
423,Recycled Nylon Parka - M,jackets,189
424,Macro Puff Jacket - M,jackets,349
425,Topley Jacket - M,jackets,399
426,Triple Texture Jacket - M,jackets,179
427,Tough Puff Shirt - M,jackets,199
428,Organic Cotton Quilt Snap-T Pullover - M,fleece,149
429,Micro D Pullover - M,fleece,59
430,Crosstrek 1/4-Zip - M,fleece,119
431,R1 Pants - M,fleece,119
432,Long-Sleeved R1 Fitz 1/4-Zip - M,fleece,169
433,Los Gatos 1/4-Zip - M,fleece,99
434,Long-Sleeved Early Rise Snap Shirt - M,fleece,129
435,Better Sweater Henley Pullover - M,fleece,119
436,Crosstrek Bottoms - M,fleece,99
437,Trail Harbor Hoody - M,sweatshirts,99
438,Surf Activists Uprisal Crew Sweatshirt - M,sweatshirts,65
439,Lightweight Fjord Flannel Hoody - M,sweatshirts,99
440,P-6 Logo Uprisal Hoody - M,sweatshirts,79
441,P-6 Label Uprisal Hoody - M,sweatshirts,79
442,P-6 Label Uprisal Crew Sweatshirt - M,sweatshirts,65
443,Line Logo Ridge Uprisal Hoody - M,sweatshirts,79
444,P-6 Logo Lightweight Crew Sweatshirt - M,sweatshirts,55
445,Fitz Roy Horizons Uprisal Hoody - M,sweatshirts,79
446,P-6 Label Lightweight Full-Zip Hoody - M,sweatshirts,89
447,Fitz Roy Scope Lightweight Full-Zip Hoody - M,sweatshirts,89
448,Fitz Roy Bison Uprisal Hoody - M,sweatshirts,79
449,Fitz Roy Horizons Uprisal Crew Sweatshirt - M,sweatshirts,65
450,Fitz Roy Scope Lightweight Crew Sweatshirt - M,sweatshirts,55
451,Arched Fitz Roy Bear Uprisal Crew Sweatshirt - M,sweatshirts,65
452,Trail Harbor Crewneck Sweatshirt - M,sweatshirts,89
453,Organic Cotton Quilt Hoody - M,sweatshirts,169
454,Organic Cotton Quilt Crewneck Sweatshirt - M,sweatshirts,99
455,Hemp Crew Sweatshirt - M,sweatshirts,79
456,Line Logo Ridge Lightweight Crew Sweatshirt - M,sweatshirts,55
457,Recycled Cashmere 1/4-Zip Sweater - M,sweaters,249
458,Recycled Wool Sweater - M,sweaters,129
459,Recycled Cashmere Crewneck Sweater - M,sweaters,199
460,Fog Cutter Sweater - M,sweaters,99
461,Long-Sleeved Work Henley Pocket Tee - M,shirts,49
462,Cotton in Conversion Tee - M,shirts,39
463,Long-Sleeved Organic Cotton Lightweight Henley Pullover - M,shirts,49
464,Tropic Comfort Hoody II - M,shirts,59
465,Capilene Cool Daily Graphic Shirt - M,shirts,45
466,Capilene Cool Daily Shirt - M,shirts,35
467,Long-Sleeved Capilene Cool Daily Graphic Shirt - M,shirts,55
468,Capilene Cool Daily Hoody - M,shirts,55
469,Capilene Cool Trail Shirt - M,shirts,39
470,Sunshade Technical Hoody - M,shirts,79
471,Back Step Shirt - M,shirts,69
472,Long-Sleeved Capilene Cool Daily Fish Graphic Shirt - M,shirts,59
473,Capilene Cool Lightweight Shirt - M,shirts,45
474,Long-Sleeved Capilene Cool Daily Shirt - M,shirts,45
475,Road to Regenerative Lightweight Tee - M,shirts,39
476,Go To Shirt - M,shirts,69
477,A/C Shirt - M,shirts,79
478,Long-Sleeved Capilene Cool Trail Shirt - M,shirts,49
479,Organic Cotton Lightweight Polo - M,shirts,59
480,Lightweight Fjord Flannel Shirt - M,shirts,79
481,Long-Sleeved Fjord Flannel Shirt - M,shirts,89
482,Sunshade Polo - Tarpon Fitz Roy - M,shirts,65
483,Capilene Cool Trail Tank - M,shirts,35
484,Long-Sleeved Capilene Cool Lightweight Shirt - M,shirts,55
485,Polo - Trout Fitz Roy - M,shirts,59
486,Long-Sleeved Sol Patrol II Shirt - M,shirts,79
487,Airchaser Shirt - M,shirts,49
488,Capilene Cool Trail Bike Henley - M,shirts,55
489,Organic Cotton Midweight Pocket Tee - M,shirts,49
490,Farrier's Shirt - M,shirts,89
491,Pataloha Shirt - M,shirts,119
492,Long-Sleeved Western Snap Shirt - M,shirts,79
493,RØ Hoody - M,shirts,65
494,Lightweight Bluffside Shirt - M,shirts,69
495,Western Snap Shirt - M,shirts,69
496,Long-Sleeved RØ Top - M,shirts,45
497,Long-Sleeved Vjosa River Pima Cotton Shirt - M,shirts,79
498,Short-Sleeved Merino Bike Jersey - M,shirts,89
499,Trail Harbor Pocket Tee - M,shirts,59.3
500,Long-Sleeved Sun Stretch Shirt - M,shirts,99.2